source_file,code,name,family_name,sex,age,estimated_resting_ee,total_daily_kcal,desayuno_kcal,media_manana_kcal,almuerzo_kcal,merienda_kcal,cena_kcal,desayuno_perc,media_manana_perc,almuerzo_perc,merienda_perc,cena_perc,nova1_kcal,nova2_kcal,nova3_kcal,nova4_kcal,nova1_perc,nova2_perc,nova3_perc,nova4_perc,desayuno_nova1_kcal,desayuno_nova2_kcal,desayuno_nova3_kcal,desayuno_nova4_kcal,media_manana_nova1_kcal,media_manana_nova2_kcal,media_manana_nova3_kcal,media_manana_nova4_kcal,almuerzo_nova1_kcal,almuerzo_nova2_kcal,almuerzo_nova3_kcal,almuerzo_nova4_kcal,merienda_nova1_kcal,merienda_nova2_kcal,merienda_nova3_kcal,merienda_nova4_kcal,cena_nova1_kcal,cena_nova2_kcal,cena_nova3_kcal,cena_nova4_kcal,desayuno_nova1_perc,desayuno_nova2_perc,desayuno_nova3_perc,desayuno_nova4_perc,media_manana_nova1_perc,media_manana_nova2_perc,media_manana_nova3_perc,media_manana_nova4_perc,almuerzo_nova1_perc,almuerzo_nova2_perc,almuerzo_nova3_perc,almuerzo_nova4_perc,merienda_nova1_perc,merienda_nova2_perc,merienda_nova3_perc,merienda_nova4_perc,cena_nova1_perc,cena_nova2_perc,cena_nova3_perc,cena_nova4_perc
metabol1.xls,Metabol,Metabol001_V0,Metabol001_V0,Mujer,,,1834.33273333333,62.83,244.652833333333,539.1599,257.7,729.99,3.42522372622255,13.3374294034841,29.3926990563072,14.0487053039559,39.7959425100303,282.152,223.234733333333,337.564,991.382,15.3817240936041,12.1698059068964,18.4025500862421,54.0459199132575,0,0,0,94.245,109.024,66.53325,143.898,102.036,296.385,106.31885,196.632,74.0586666666667,0,0,0,257.7,72.331,324,135,528.769333333333,0,0,0,150,44.5627375389753,27.1949640204453,58.8172219546473,41.7064452554198,54.9716327197182,19.7193541285248,36.4700713090866,13.7359374587514,0,0,0,100,9.90849189714928,44.3841696461595,18.4934040192331,72.4351475134363
metabol2.xlsx,CCAR19_V0,CCAR19_V0,CCAR19_V0,Mujer,,,1646.509,201.8,383.584333333333,416.446333333333,149.42,495.258333333333,12.2562342507694,23.2968257891899,25.2926849068747,9.07495798686797,30.0792970662981,905.107333333333,88.711,239.932,412.758666666667,54.9712958346012,5.38782357096135,14.572164500771,25.0687160936665,163.5,0,0,38.3,0,88.711,95.932,198.941333333333,170.622333333333,0,216,305.472,136.653333333333,0,0,38.3,434.331666666667,0,0,91.39,81.0208126858276,0,0,18.9791873141725,0,23.1268569362843,25.0093634342035,51.8637796295122,40.9710254782729,0,51.8674274956597,73.3520685738619,91.4558515147459,0,0,25.6324454557623,87.6980027258502,0,0,18.4529959112248
